"","Chr","SNP","bp","A1","A2","Freq","b","se","p","logP"
"1","3","ARS-BFGL-NGS-4585",107160292,"A","C",0.335317,-144.488,37.7607,0.000130034,3.88594307783331
"2","11","BTA-122098-no-rs",31882807,"A","C",0.444444,131.779,33.9688,0.000104706,3.98002843109833
"3","14","Hapmap39823-BTA-35254",64061208,"A","C",0.291667,-138.029,35.9698,0.000124372,3.90527738181735
"4","14","UA-IFASA-7664",64299714,"C","A",0.267857,-141.443,36.984,0.000131068,3.88250332753034
"5","19","ARS-BFGL-NGS-28901",42338148,"C","A",0.371032,141.156,36.8765,0.000129288,3.88844178274244
"6","19","ARS-BFGL-NGS-29119",49744592,"A","C",0.404762,-142.084,36.9169,0.000118724,3.92546147974814
"7","20","BTB-01471673",11545685,"A","C",0.246032,169.707,42.5157,6.56185e-05,4.18297370155083
"8","23","Hapmap54016-rs29022819",33609998,"C","A",0.190476,173.228,44.4201,9.62823e-05,4.01645354380854
"9","28","ARS-BFGL-NGS-11935",44942879,"A","C",0.0297619,412.261,106.175,0.000103234,3.98617724475791
"10","28","Hapmap43005-BTA-64606",45805105,"A","C",0.0297619,412.261,106.175,0.000103234,3.98617724475791
