"","rs","SNP","Chr","bp","A1","A2","Freq","b","se","p","logP"
"1","rs109578343","ARS-BFGL-NGS-11935","28",44942879,"A","C",0.0297619,412.261,106.175,0.000103234,3.98617724475791
"2","rs110031217","ARS-BFGL-NGS-23411","22",5134078,"A","C",0.186508,207.116,44.511,3.26933e-06,5.48554124034172
"3","rs110991998","ARS-BFGL-NGS-26419","22",46052082,"A","C",0.0813492,308.357,67.7592,5.34473e-06,5.27207422917772
"4","rs109751680","ARS-BFGL-NGS-28901","19",42338148,"C","A",0.371032,141.156,36.8765,0.000129288,3.88844178274244
"5","rs41577586","ARS-BFGL-NGS-29119","19",49744592,"A","C",0.404762,-142.084,36.9169,0.000118724,3.92546147974814
"6","rs109888380","ARS-BFGL-NGS-4585","3",107160292,"A","C",0.335317,-144.488,37.7607,0.000130034,3.88594307783331
"7","rs41624254","BTA-122098-no-rs","11",31882807,"A","C",0.444444,131.779,33.9688,0.000104706,3.98002843109833
"8","rs41644634","BTA-62125-no-rs","26",17899619,"C","A",0.0257937,487.149,113.769,1.85287e-05,4.73215505033205
"9","rs41567074","BTA-99379-no-rs","28",41666186,"A","C",0.0496032,435.809,84.4338,2.44923e-07,6.61097042964025
"10","rs42089058","BTB-00926636","26",17857480,"C","A",0.0257937,487.149,113.769,1.85287e-05,4.73215505033205
"11","rs42217767","BTB-01060598","11",32301594,"C","A",0.450397,-152.746,35.886,2.07715e-05,4.68253214004648
"12","rs42590312","BTB-01471673","20",11545685,"A","C",0.246032,169.707,42.5157,6.56185e-05,4.18297370155083
"13","rs41632193","Hapmap39823-BTA-35254","14",64061208,"A","C",0.291667,-138.029,35.9698,0.000124372,3.90527738181735
"14","rs41648479","Hapmap43005-BTA-64606","28",45805105,"A","C",0.0297619,412.261,106.175,0.000103234,3.98617724475791
"15","rs29022819","Hapmap54016-rs29022819","23",33609998,"C","A",0.190476,173.228,44.4201,9.62823e-05,4.01645354380854
"16","rs41632223","UA-IFASA-7664","14",64299714,"C","A",0.267857,-141.443,36.984,0.000131068,3.88250332753034
